{
  "timestamp": "2026-05-24T13:55:02.901761+00:00",
  "catalog_retrieval": {
    "n_queries": 18,
    "recall_at_1": 0.1388888888888889,
    "recall_at_3": 0.3148148148148148,
    "recall_at_5": 0.37962962962962965,
    "mrr": 0.4462962962962963,
    "per_intent": {
      "celebration": {
        "recall_at_1": 0.0,
        "recall_at_3": 0.13333333333333333,
        "recall_at_5": 0.13333333333333333,
        "mrr": 0.16666666666666666
      },
      "gift": {
        "recall_at_1": 0.2222222222222222,
        "recall_at_3": 0.3333333333333333,
        "recall_at_5": 0.4444444444444444,
        "mrr": 0.7333333333333334
      },
      "browse": {
        "recall_at_1": 0.1111111111111111,
        "recall_at_3": 0.2777777777777778,
        "recall_at_5": 0.2777777777777778,
        "mrr": 0.5
      },
      "investment_piece": {
        "recall_at_1": 0.16666666666666666,
        "recall_at_3": 0.5555555555555556,
        "recall_at_5": 0.6666666666666666,
        "mrr": 0.5
      },
      "price_inquiry": {
        "recall_at_1": 0.3333333333333333,
        "recall_at_3": 0.5,
        "recall_at_5": 0.6666666666666666,
        "mrr": 0.6666666666666666
      },
      "appointment": {
        "recall_at_1": 0.0,
        "recall_at_3": 0.0,
        "recall_at_5": 0.0,
        "mrr": 0.0
      }
    }
  },
  "heritage_retrieval": {
    "n_queries": 7,
    "recall_at_1": 0.7857142857142857,
    "recall_at_3": 0.7857142857142857,
    "recall_at_5": 0.9285714285714286,
    "mrr": 0.8928571428571429,
    "per_intent": {
      "heritage_inquiry": {
        "recall_at_1": 0.9166666666666666,
        "recall_at_3": 0.9166666666666666,
        "recall_at_5": 0.9166666666666666,
        "mrr": 1.0
      },
      "gift": {
        "recall_at_1": 0.0,
        "recall_at_3": 0.0,
        "recall_at_5": 1.0,
        "mrr": 0.25
      }
    }
  },
  "groundedness_samples": [
    {
      "reply": "Vintage Alhambra pendant, mother-of-pearl \u2014 VCA-ALH-VIN-MOP-PEN-001 (CHF 3,950) is the founding silhouette [HER-001-ALHAMBRA-1968].",
      "is_grounded": true,
      "hallucinations": 0,
      "findings": []
    },
    {
      "reply": "The Mythical Alhambra in jade \u2014 VCA-FAKE-001 (CHF 99,999) is a recent edition [HER-FAKE-2099].",
      "is_grounded": false,
      "hallucinations": 2,
      "findings": [
        {
          "kind": "unsupported_piece",
          "detail": "Reference VCA-FAKE-001 does not exist in the catalog.",
          "span": "VCA-FAKE-001"
        },
        {
          "kind": "unsupported_heritage",
          "detail": "Heritage citation [HER-FAKE-2099] does not exist in the archive.",
          "span": "[HER-FAKE-2099]"
        }
      ]
    }
  ],
  "calibration": {
    "ece": 0.12377499999999998,
    "brier": 0.22797985499999998,
    "n_total": 200,
    "bins": [
      {
        "lower": 0.0,
        "upper": 0.1,
        "n": 18,
        "avg_confidence": 0.05455555555555555,
        "accuracy": 0.16666666666666666
      },
      {
        "lower": 0.1,
        "upper": 0.2,
        "n": 18,
        "avg_confidence": 0.1395,
        "accuracy": 0.2222222222222222
      },
      {
        "lower": 0.2,
        "upper": 0.30000000000000004,
        "n": 11,
        "avg_confidence": 0.25599999999999995,
        "accuracy": 0.45454545454545453
      },
      {
        "lower": 0.30000000000000004,
        "upper": 0.4,
        "n": 28,
        "avg_confidence": 0.34760714285714295,
        "accuracy": 0.42857142857142855
      },
      {
        "lower": 0.4,
        "upper": 0.5,
        "n": 24,
        "avg_confidence": 0.4520833333333334,
        "accuracy": 0.5416666666666666
      },
      {
        "lower": 0.5,
        "upper": 0.6000000000000001,
        "n": 15,
        "avg_confidence": 0.5474666666666668,
        "accuracy": 0.5333333333333333
      },
      {
        "lower": 0.6000000000000001,
        "upper": 0.7000000000000001,
        "n": 16,
        "avg_confidence": 0.6445625,
        "accuracy": 0.375
      },
      {
        "lower": 0.7000000000000001,
        "upper": 0.8,
        "n": 24,
        "avg_confidence": 0.7494999999999999,
        "accuracy": 0.5
      },
      {
        "lower": 0.8,
        "upper": 0.9,
        "n": 21,
        "avg_confidence": 0.8568571428571429,
        "accuracy": 0.7619047619047619
      },
      {
        "lower": 0.9,
        "upper": 1.0,
        "n": 25,
        "avg_confidence": 0.9656,
        "accuracy": 0.88
      }
    ]
  }
}